first_name,last_name,email
Max,Mustermann,max.mustermann@hs-aalen.de
Erika,Musterfrau,erika.musterfrau@hs-aalen.de
Sandra,Schmidt,sandra.schmidt@hs-aalen.de
Johannes,Bauer,johannes.bauer@hs-aalen.de
Laura,Klein,laura.klein@hs-aalen.de
